slide_id,label
43116fe4-e179-4114-a3c5-233232bacf50,0
5c892007-e39a-4946-a9a0-0cb356c54daf,1
d8c3ab05-a899-41e0-acac-ceaca5f22f31,0
3c173a0e-4bfa-4d91-98a2-e9ae5b24faeb,1
ef0e0aab-389f-47aa-a76a-dfbd9fe633e0,1
0fe01971-7fe1-4b48-94e8-22e8fc91beee,0
a45c28ec-e3a4-48d1-9f3a-782fddb46300,0
75c9a9f7-b869-4106-83ee-f16066143352,1
93a1aa52-226b-4834-8f35-249f14fd6b71,0
e9c6ea89-3696-4cf5-af75-51e31b8fa302,1
dfc7216d-a42b-40a7-87fa-29b207fdcb66,1
adf4f6ba-933b-4c6a-a51e-181825d02eaa,0
345c4ef3-679e-4a0e-b4af-a485865b7f3d,0
1b6e1dbf-8c30-49a4-8dd0-5b4ac2479924,0
9209172e-89b8-4bba-bfca-0cb480beba2a,1
5be3546c-2b5d-4b08-90e0-f0d849309f5a,1
345252d8-e4f7-4359-9267-d6c16eb03c49,1
476db480-9da0-4f40-9a5f-2c493271bc36,1
37639dcb-c628-429c-944f-ad1d776aa006,1
d4518876-72b7-4086-90fb-9402d004e477,1
44f988cb-1896-4f12-95f0-84044d4677fd,0
09d1bbf4-f52c-4804-ac22-a640dbfb3338,0
838dbc77-3ca1-4e1a-9785-0c3f1f4985b8,1
f663988b-69a8-4fd3-bbe6-aec3db35086a,1
4c0f719a-0352-424e-8da8-13012832cc8a,1
8eaf337f-dc96-44e8-9b3a-632695f10433,0
cceb3f07-ddbd-4227-af70-e8c29f6266e2,0
77054af4-4647-4e63-ac95-5b0c0ae79407,1
48c8d5ed-32f7-413c-b65d-b8a04b09bebd,1
b4e975a2-aef6-4922-975e-5c71a7a35666,1
5ab9fc36-63b7-4097-a579-745932dcd1ac,0
9e02c467-0e19-455c-8de5-14f537a27157,0
4cc7657a-61a7-4ef3-87ae-d75f2fde0d86,1
787843d4-ef84-4468-926a-e72fb95ad3e8,1
f4e0156d-033d-4c16-84f1-3f2a8de2e57b,1
19de5c45-87b3-40c3-b4d6-8f1a8f76d115,0
406d2af7-bf08-49d3-91f7-9e7b5ed57247,1
2071b8df-5d3f-453b-ab2e-f22fd9a93d95,0
db186f6b-bc1c-4ba8-a654-183f31745b5b,0
fad5ede8-cb42-45f2-b98a-ca3ee5068d67,0
94581107-1852-4b1b-ad33-433ec2b063e4,0
e2a822ad-8402-4a94-bdee-046cbfcb3687,0
dc806431-cc53-45f4-9651-1cc779764787,1
cb61bb7e-34b4-43f4-8aac-4a8d52300de1,1
39e8320a-fd18-444d-99ac-8d8bf73e81f5,0
df1ed7ae-406f-4fd0-a89f-2d87752ea7fc,0
d777ce3d-6065-4be8-b273-9a9b2de63acd,1
4d0b6781-0a80-4455-88a7-c1113511eb4f,0
db9053d0-aca7-4de3-94cd-6343926ac292,1
93e09693-118d-4ad2-8cf2-24243947e97b,0
40fae70d-723f-40bb-9aab-cb8452a57c9b,0
1e09b898-e2ce-472d-a856-e2dbe04b9095,0
0a6ef6d7-4e0b-4b23-90a7-da39e0eaf5af,0
995cdac2-2bb9-42d7-86c0-06e5b0184d55,1
455980fb-ddb4-464b-99e2-e2c207a62ba2,0
3e7c79eb-5508-4920-bd03-5f802dc79e79,1
6654f349-ac86-4484-995f-33ae4543f2bb,1
6f678377-2921-4c1a-b4ff-cc6ed342d7ee,1
857184af-d3c0-4c4c-93d7-362cc628aac7,1
b5bdc80a-9b9b-41ba-b9ac-859ecd3a41dd,1
1e38fc46-d5c5-40c6-95ef-ba9559df20fa,0
e494daa4-ab36-4034-bb45-d939eab3fb58,0
8273a235-8f07-47cc-9a2a-65a6993c4a41,1
49574d29-c10c-4e63-822f-03b052b55ce9,1
de280d22-8148-4e5b-965d-eae9e2c627e0,1
8074e1ce-6e9a-46cc-8917-a12fbb73a8b0,1
96fdca5b-86cb-4209-931e-986f4964e4b0,1
d74290fe-a5dc-4e15-ad2a-aaf699ef62e9,1
8c5b7b1e-9da7-4686-a3ac-635575aa5c56,0
18a6b229-aa29-42c7-916e-73badb4a6a21,1
8fa4102a-33e3-49c6-bee3-556b139a8c63,0
a67a2e91-e304-4ae0-8d2d-3034db36406f,0
c8e9936f-4ff9-4c80-86de-f0f5f10cfc45,0
e2170a4b-c9d6-4f9d-b95c-0be2ecf42196,1
8db466fa-e1ef-4691-b707-1170d7841ac3,1
997a8a23-4571-4989-aa79-e94588adcd28,1
19c863c7-3ce7-44c4-aece-73fefdf6c569,0
a7df3a94-b793-4724-bee8-f13a6e6d15ac,1
dfc01f71-b199-434a-92c8-a34796925f78,1
43aeb055-d4a9-42fc-9a97-3422c301a872,0
7c988cdd-4f80-4d77-a5a3-19a990faf0fc,1
3c1b2053-18b7-4822-b27a-2ef4796260fb,1
d4407444-e725-418c-ac60-7a5ec986a267,0
e9506607-9bd8-444e-8d25-536060326df2,1
e4def988-80f3-476f-81e7-cb8b158dcdad,1
8007822f-e9fe-4e33-80ce-1332f7097e97,0
7f341f37-80cc-48a1-a978-70e279e4f853,1
f8b6ecc6-6485-4f34-95a1-0ba5d7edad99,0
85720803-2db4-4e3b-a35a-e96ec73a4e0d,0
dbc41286-8b62-4f1b-b993-4632f7f24601,1
6a7e22c9-067c-40cd-9565-f68e786c1cc7,0
2369c69b-2065-4913-bfd9-5d7b0506c1e7,0
7fc7ee68-a205-45fa-a41a-12fd667f02bc,1
c67e9aab-32c3-4e3f-9689-cfcb77c68ca8,0
05faf4ad-49b3-42a4-8829-b3226c28164e,0
5d1dcb44-0b1d-417d-b374-016350df7216,1
791100ff-6207-40c4-a7e0-ed8c29c632d6,1
c4f1a7a8-f685-420b-99eb-8f8e3f6bdd80,1
0abc867a-2c93-435c-a837-b0169923912b,0
892c3862-bbc3-41a3-84cb-616ca8e6861b,1
032e5196-5de8-4211-8d12-7e4721fe514e,0
c9b4ff70-4c64-4c37-ac66-b6cb1d970e81,1
6d947f96-1b6c-43a8-8fda-a4659b0511ba,0
57f7d3b6-3022-4c1b-ac2c-5ce5b265aa43,0
4a39e10d-bfaf-4254-b56e-11a298194640,1
99782351-0db4-49e8-b8b2-a6f781210a98,1
7c64a88b-94bc-40a4-8c90-fe9c6778c0d5,0
a2d6a7d5-a07a-4da9-ae2d-9ceea6639b36,1
4465db67-b865-48c9-af75-846170f8bb92,0
50cbae4c-114f-43f5-913c-3461c474f4d4,0
6a2e259b-2557-40df-85eb-9deb73b004cd,0
7fd98339-5c2d-49b7-8a67-f20d177c2d74,0
d155cba9-220e-4d0b-bc18-872b51957e73,1
bcc3b964-14ab-4928-ad32-0830bc29cb23,1
7a957c2f-a2a6-4f7b-ab65-4b5c9229f4c5,1
b829a878-38f5-4eb6-a772-21c37149fc5b,0
beacd435-038c-4131-b2df-f0aedd45c14c,0
f23db5f3-6b2e-471e-9b18-e477140d9a5e,0
0fac5731-1532-48a2-8dc6-44b8c07fe1e0,0
3b79785e-0b02-45dc-b7d7-63ca6eecbfbd,0
39599fc3-60c6-4fb6-958d-33d439b72ff2,1
d708a070-d5ce-4522-a7e9-afed9b90891a,0
3e581180-e0e7-4a6d-a96c-81be39f66886,0
77475054-663f-4d49-b7a0-2d8cdc5e11b4,1
cc8a5f81-ae95-4dab-9f66-cfbc79e21b03,1
fdc98eac-f223-46f3-8c45-98d7f753ef52,1
324eadf0-060c-462f-92bb-ea996818e343,0
864bb722-cf23-40b4-9473-503e8b1436ab,0
ac897ab6-bd2a-4c89-aa44-0d067aaf9ffc,0
294d319f-1a8b-40c5-9ed5-0f81f9b8cae7,1
acc8612d-9a38-48a6-91f5-247174f212ee,0
0edda451-a450-4957-a672-f2587ecf7423,1
daf6fc41-e620-4ab8-82c5-16f26802fc03,0
8caf58bd-2513-4fa9-8dea-632e1700c3d0,1
f3a53d50-c9aa-47cc-8cc8-0f933f7eb105,0
93c4465c-5492-4507-8635-ede530c18ab6,1
ebea6244-8f14-4b47-9d48-45b9cbfcb0c9,0
52c3a3c2-1d3e-4710-bb0c-94bbceefe531,1
1adcad54-b9ec-49fe-b7b9-94e63a45169c,1
40f72555-1818-40ed-8c0d-c5939f173209,1
e2cc58dd-de07-454c-9a7b-fb508144cd8d,0
922ca314-1dca-47dc-8a5c-576f093056cc,1
75bec87f-e3d3-4b0c-b6b6-79740eb8b708,1
483691a5-23b1-4788-90c5-1c136e4c09fa,0
31488f1c-5b07-464e-b04a-5f34226291eb,1
6d6c0c16-b5be-4ef5-a625-b1ef5e0cede2,0
428f3fbb-413d-464a-b27e-1da07456daf1,0
2d190099-a1d6-4be4-a5ec-dcc41a3eded6,1
09b5761f-5852-407b-98a5-58519f68018a,0
d9df9b0c-b2d4-4caf-ab1c-edd83eb55c89,0
466b1b5d-a62b-4a67-b9a9-85522990b77d,1
c9bb3620-36af-4ef7-9042-fa24f81339a2,0
b536d111-ca0c-4b6b-9ee4-e3dc039b695e,0
ef19a7e5-20f0-4ba6-8b66-7eff6f84b7bd,1
3650d006-3b5d-40cd-9cad-fb98937f3737,1
a37c34e1-dd4c-45ed-b90f-66841ad09769,1
9834e70e-91dc-47f6-b814-4cff90b13a25,0
dde1531a-79ac-4128-a959-52f98819e10c,1
0e24042d-2f15-4635-a7bf-8f138055ab3d,0
4e5babeb-f34e-44d5-8754-868a74dd2181,0
aef3384f-1b15-4d0e-8ff6-6376805cf181,0
0495a87c-1ce4-49e1-ac81-228c8e864124,0
4c11b0fd-bbba-4b6c-ae88-159303224b74,0
286a5c62-fe96-4c7c-a32b-de6527a6e4a8,1
4edebcb7-cb76-430d-84af-1ca2a9021533,0
525bb053-2ca4-46ae-b294-3fb6aad4304a,0
0b88f84d-c40e-4580-a10d-930e7d5de0ca,0
f6e7a4dd-81bd-4ff9-95a0-279884e52d9c,0
c002784d-a11a-42eb-b9d4-41d9fb9e1235,1
798011a7-cc5b-42b2-85f2-fa649b49fa7e,1
82afde87-ee4c-41e1-88fc-b28b015fcc80,0
5c3d8d42-a5d5-49a0-a9c1-55e53cfb99df,1
46d28917-c2c2-4110-a8c4-356c0543e30b,0
c43675d7-8cfc-4a75-9da0-96c58fe95c70,0
d5d1ff9d-e82a-49d4-801d-92fabe61bf69,1
d4b5fb09-5c2d-47ee-bb04-798006cc729b,0
bfb14ba0-7024-461c-8a9c-e764f8c3fe52,0
c7ab214b-2d25-4481-8fee-555eb25b191e,1
8846fe87-dbd3-4664-b8a2-c233829c7a6b,0
21dc1039-3f54-4f09-933b-a03c9d2a9245,1
e835301f-c75d-4fce-b348-42abded40a2c,1
2e2b1176-4737-4148-a235-551f0279eb17,1
b690fc43-1238-4ed4-ae47-9908974dc62b,1
63de042b-91e5-470a-b029-addff8707c90,1
b21a60a3-350e-48ea-ae3a-c46d4a11de13,0
c5761684-886e-40d1-ad8b-138a53f56fc6,1
72ed6597-5f68-4ed0-b3ed-79ee34f00e2a,1
b62b15bc-d673-4107-b948-ddc794fdec66,1
bd66d913-888a-4890-b9a1-0182ddc29609,1
653ccd11-8720-4ff4-972b-f265bcf89ba7,0
bfb7f195-a0d3-4db1-b465-d91e55f0e074,0
3cdabb85-888e-4392-9fbe-bbf896579a8d,0
01c251e9-cf0f-415a-b4cc-bc1b44f59d16,1
06957930-3e02-4c3c-ab80-2768bc393ed6,1
073a5210-c0a7-4835-9cdf-7df3e83b2d4a,1
0cdf31f8-8519-4c2e-b9d0-6f2e46d109bb,0
0d50a9c1-a670-4f78-93da-6c9444c19bad,0
163f044f-4ca2-4516-8995-e8421a1df6ce,1
206f2c6a-66d0-4ffe-8941-a6bb5b6c003c,0
21393e04-ba80-4960-b3e5-211a9ba82224,1
22737292-1d31-4875-90cc-6a87b59ca4d0,1
2540f369-c624-4487-bbe8-1cf78c2a028f,0
25a9c2ae-a0b1-47b9-8961-a53f5c2638b3,1
279cbaee-a6a7-45e0-95db-158ab6186cfa,1
2b0aea10-2963-4db4-8b40-f89ee679a67d,1
30c971ec-ea4d-4c56-8335-ab2fa56e3f37,0
31fe0eff-5824-4ca4-9829-f42695fd8aca,1
361d8085-7374-4725-a6b2-6c6ea0a59b1e,0
40bcb89b-3f07-49a9-9bbc-280e4a0e4a41,1
4517f63e-a7e3-4fbf-9832-88dcb0502f69,0
4d700298-3c88-4c74-b35a-bd374b460f10,0
5196465d-bb6a-49cb-8e6e-44be9e2bc477,1
5802b8b8-01ba-4fad-8243-d85d18f5558a,1
5e840b17-b9cd-491a-8545-e7eff06b1ef6,1
671775f5-afe3-4ab9-b588-ce2a4b1ddeec,0
681993ac-5021-460f-a4f4-e93694d5a8ed,0
6a20e48f-7578-407c-926f-bff46a01615a,1
729436cc-4778-43c6-8cd3-0256c661fe53,0
73eb430f-e64a-465d-9a65-422a631734f3,0
757d95a2-efa0-475c-b21c-13b1df186def,0
7e7e9be4-7785-4fcf-a0c3-84d51e926d6f,0
86cf1c96-bc15-4e1b-ab59-df47e5dad711,1
92d9d7e8-a3a4-4384-83fa-4cfb1153dd22,0
93ef2a5f-f71f-495f-84ef-4bd64d5a3e18,1
95826eca-8b78-4917-9e88-0d90811c68c0,1
9df5a389-f540-42e5-8f9c-d61adda9aee9,1
a3513d91-82da-4b95-8772-ebfc207002c3,1
a4a1d75e-ebc3-4123-9d0e-ea862052df7d,1
a7ec8494-2b5e-400f-ab9b-59041d88e147,0
ad52ead7-ebf6-40be-9a14-ff0fa79cedeb,1
ad69b48f-8904-4105-aca2-e222b1629f9f,0
b17325bc-34d2-4bb3-b285-d671d6bd18bb,1
c387719d-3c70-4dd8-b7cd-579ff8ced2d3,0
c6cf4feb-611a-46b6-807d-873fff5bc01c,1
cb6bfb6b-089e-4c67-a6ca-cc638f06e603,0
ce659ca3-3441-47e2-9053-1858370bad9c,0
cecfa9a5-bcd3-49af-a391-fb3f69793a99,1
d3743112-84b9-47c9-9bf5-c68168fb7ac2,0
e1ad3cc3-523c-42e5-93f6-69c4859ae95d,0
e1afe61c-fc75-4927-b04d-0c60f80fa449,0
e756db36-4249-4e8e-b95a-63336cc77c5b,0
e8b6f082-eb61-412c-aa44-14d260a6466e,1
ea719586-92fa-412a-8212-3c1ef22e1d05,1
ec93ed67-1504-4789-9ffd-2dbd9f617e24,1
eca5e5f5-4e8e-4723-b044-6769fae71e18,0
eff60b14-1f46-490f-9d1d-00a9c78a2a44,1
fb648c8c-2698-423d-82a7-fe19012ef2df,1
ff66a6ff-08a5-478a-a289-b340e6abc80e,0
